{"chlorophyll": {"slope": -367.8375235854182, "intercept": 95.07167158514589}, "nitrogen": {"slope": -20.3578, "intercept": 5.8092}, "vmax": {"slope": -210.0784, "intercept": 60.5024}}