{
    "Corn": {
        "slope": -369.6318887234836,
        "intercept": 87.36869107137349,
        "r2": 0.768714998143091
    },
    "Soybean": {
        "slope": -339.13650870207795,
        "intercept": 95.3387276214991,
        "r2": 0.8130349448209347
    },
    "Wheat": {
        "slope": -306.61065644369853,
        "intercept": 81.98485200327812,
        "r2": 0.7728982238599099
    }
}